ticker,EURUSD=X,EURUSD=X,EURUSD=X,EURUSD=X,EURUSD=X,EURUSD=X,EURUSD=X,USDJPY=X,USDJPY=X,USDJPY=X,USDJPY=X,USDJPY=X,USDJPY=X,USDJPY=X
indicator,sma,ema,rsi,macd,bollinger_bands,stochastic,adx,sma,ema,rsi,macd,bollinger_bands,stochastic,adx
Datetime,,,,,,,,,,,,,,
2026-01-14 05:30:00+00:00,-1,-1,0,0,0,0,,-1,-1,0,0,0,0,
2026-01-14 06:30:00+00:00,-1,-1,1,0,0,0,,-1,-1,-1,0,0,0,
2026-01-14 07:30:00+00:00,-1,-1,1,0,0,0,,-1,-1,-1,0,0,0,
2026-01-14 08:30:00+00:00,-1,-1,1,0,0,0,,-1,-1,-1,0,0,0,
2026-01-14 09:30:00+00:00,-1,-1,1,0,0,0,,-1,-1,-1,0,0,0,
2026-01-14 10:30:00+00:00,-1,-1,1,0,0,0,,-1,-1,-1,0,0,0,
2026-01-14 11:30:00+00:00,-1,-1,1,0,0,0,,-1,-1,-1,0,0,0,
2026-01-14 12:30:00+00:00,-1,-1,1,0,0,0,,-1,-1,-1,0,0,0,
2026-01-14 13:30:00+00:00,-1,-1,1,0,0,0,,-1,-1,-1,0,0,0,
2026-01-14 14:30:00+00:00,-1,-1,1,0,0,0,,-1,-1,0,0,0,0,
2026-01-14 15:30:00+00:00,-1,-1,0,0,0,0,,-1,-1,0,0,0,0,
2026-01-14 16:30:00+00:00,-1,-1,1,0,0,0,,-1,-1,0,0,0,0,
2026-01-14 17:30:00+00:00,-1,-1,0,0,0,0,,-1,-1,0,0,0,0,
2026-01-14 18:30:00+00:00,-1,-1,0,0,0,-1,,-1,-1,0,0,0,1,
2026-01-14 19:30:00+00:00,-1,-1,0,0,0,-1,,-1,-1,0,0,0,-1,
2026-01-14 20:30:00+00:00,-1,-1,0,0,0,1,,-1,-1,0,0,0,-1,
2026-01-14 21:30:00+00:00,-1,-1,0,0,0,-1,,-1,-1,0,0,0,-1,
2026-01-14 22:30:00+00:00,-1,-1,0,0,0,-1,,-1,-1,0,0,0,1,
2026-01-14 23:30:00+00:00,-1,-1,0,0,0,-1,,-1,-1,0,0,0,1,
2026-01-15 00:30:00+00:00,1,-1,0,0,0,-1,,-1,-1,0,0,0,1,
2026-01-15 01:30:00+00:00,1,-1,0,0,0,1,,-1,-1,0,0,0,1,
2026-01-15 02:30:00+00:00,1,-1,0,0,0,1,,-1,-1,0,0,0,-1,
2026-01-15 03:30:00+00:00,-1,-1,0,0,0,1,,-1,-1,0,0,0,-1,
2026-01-15 04:30:00+00:00,-1,-1,0,0,0,1,,-1,-1,0,0,0,1,
2026-01-15 05:30:00+00:00,-1,-1,0,0,0,-1,,-1,-1,0,0,0,1,
2026-01-15 06:30:00+00:00,-1,-1,0,0,0,-1,,-1,-1,0,0,0,-1,
2026-01-15 07:30:00+00:00,-1,-1,0,0,0,1,,-1,-1,0,0,0,1,
2026-01-15 08:30:00+00:00,-1,-1,0,0,0,-1,,-1,-1,0,0,0,1,
2026-01-15 09:30:00+00:00,-1,-1,0,0,0,-1,,1,-1,0,0,0,1,
2026-01-15 10:30:00+00:00,-1,-1,0,0,0,-1,,1,-1,0,0,0,-1,
2026-01-15 11:30:00+00:00,-1,-1,0,0,0,1,,1,-1,0,0,0,1,
2026-01-15 12:30:00+00:00,-1,-1,0,0,0,-1,,1,-1,0,0,0,1,
2026-01-15 13:30:00+00:00,-1,-1,0,0,0,1,,1,1,0,0,0,1,
2026-01-15 14:30:00+00:00,-1,-1,0,-1,0,1,,1,-1,0,1,0,-1,
2026-01-15 15:30:00+00:00,-1,-1,0,-1,0,1,,1,-1,0,1,0,-1,
2026-01-15 16:30:00+00:00,-1,-1,0,-1,0,-1,,1,-1,0,1,0,1,
2026-01-15 17:30:00+00:00,-1,-1,0,-1,1,-1,,1,1,0,1,0,1,
2026-01-15 18:30:00+00:00,-1,-1,1,-1,1,-1,,1,1,0,1,-1,1,
2026-01-15 19:30:00+00:00,-1,-1,1,-1,1,1,,1,1,0,1,0,-1,
2026-01-15 20:30:00+00:00,-1,-1,1,-1,1,1,,1,1,0,1,0,-1,
2026-01-15 21:30:00+00:00,-1,-1,1,-1,0,1,,1,1,0,1,0,-1,
2026-01-15 22:30:00+00:00,-1,-1,0,-1,0,1,,1,1,0,1,0,-1,
2026-01-15 23:30:00+00:00,-1,-1,0,-1,0,1,Strong Trend,1,1,0,-1,0,-1,Strong Trend
2026-01-16 00:30:00+00:00,-1,-1,0,-1,0,1,Strong Trend,1,-1,0,-1,0,1,Strong Trend
2026-01-16 01:30:00+00:00,-1,-1,0,-1,0,-1,Strong Trend,1,1,0,1,0,1,Developing Trend
2026-01-16 02:30:00+00:00,-1,-1,0,-1,0,1,Strong Trend,1,1,0,1,0,1,Developing Trend
2026-01-16 03:30:00+00:00,-1,-1,0,-1,0,1,Strong Trend,1,1,0,1,0,-1,Developing Trend
2026-01-16 04:30:00+00:00,-1,-1,0,1,0,1,Strong Trend,-1,1,0,1,0,-1,sideways
2026-01-16 05:30:00+00:00,-1,-1,0,1,0,1,Strong Trend,-1,1,0,1,0,1,sideways
2026-01-16 06:30:00+00:00,-1,-1,0,1,0,1,Strong Trend,-1,1,0,1,0,-1,sideways
2026-01-16 07:30:00+00:00,-1,-1,0,1,0,1,Strong Trend,-1,-1,0,-1,1,-1,sideways
2026-01-16 08:30:00+00:00,-1,-1,0,1,0,1,Strong Trend,-1,-1,0,-1,1,-1,Developing Trend
2026-01-16 09:30:00+00:00,-1,-1,0,1,0,-1,Strong Trend,-1,-1,0,-1,0,1,Developing Trend
2026-01-16 10:30:00+00:00,-1,-1,0,1,0,-1,Strong Trend,-1,-1,0,-1,0,1,Developing Trend
2026-01-16 11:30:00+00:00,-1,-1,0,1,0,1,Strong Trend,-1,-1,0,-1,0,1,Developing Trend
2026-01-16 12:30:00+00:00,1,-1,0,1,0,1,Strong Trend,-1,-1,0,-1,0,-1,Developing Trend
2026-01-16 13:30:00+00:00,1,-1,0,1,0,1,Strong Trend,-1,-1,0,-1,0,-1,Developing Trend
2026-01-16 14:30:00+00:00,1,-1,0,1,0,-1,Strong Trend,-1,-1,0,-1,0,1,Strong Trend
2026-01-16 15:30:00+00:00,1,-1,0,1,0,1,Strong Trend,-1,-1,0,-1,0,-1,Strong Trend
2026-01-16 16:30:00+00:00,1,-1,0,1,-1,1,Strong Trend,-1,-1,0,-1,0,-1,Strong Trend
2026-01-16 17:30:00+00:00,1,-1,0,1,-1,1,Strong Trend,-1,-1,0,-1,0,1,Strong Trend
2026-01-16 18:30:00+00:00,1,1,0,1,0,-1,Strong Trend,-1,-1,0,-1,0,-1,Strong Trend
2026-01-16 19:30:00+00:00,1,1,0,1,0,-1,Strong Trend,-1,-1,0,-1,0,-1,Strong Trend
2026-01-16 20:30:00+00:00,1,-1,0,1,1,-1,Strong Trend,-1,-1,0,-1,0,1,Strong Trend
2026-01-16 21:30:00+00:00,1,-1,0,-1,0,-1,Strong Trend,-1,-1,0,-1,0,1,Strong Trend
2026-01-16 22:30:00+00:00,1,-1,0,-1,0,1,Strong Trend,-1,-1,0,-1,0,1,Strong Trend
2026-01-16 23:30:00+00:00,-1,-1,0,-1,0,-1,Strong Trend,-1,-1,0,1,0,1,Strong Trend
2026-01-17 00:30:00+00:00,-1,-1,0,-1,0,0,Strong Trend,-1,-1,0,1,0,1,Strong Trend
2026-01-17 01:30:00+00:00,-1,-1,0,-1,0,1,Strong Trend,-1,-1,0,1,0,-1,Strong Trend
2026-01-17 02:30:00+00:00,-1,-1,0,-1,0,1,Strong Trend,-1,-1,0,1,0,-1,Strong Trend
2026-01-19 05:30:00+00:00,-1,-1,0,1,-1,1,Strong Trend,-1,-1,1,-1,1,-1,Strong Trend
2026-01-19 06:30:00+00:00,-1,1,0,1,0,1,Strong Trend,-1,-1,0,-1,0,-1,Strong Trend
2026-01-19 07:30:00+00:00,-1,1,0,1,0,-1,Strong Trend,-1,-1,0,-1,0,1,Strong Trend
2026-01-19 08:30:00+00:00,-1,1,0,1,0,1,Strong Trend,-1,-1,0,-1,0,1,Strong Trend
2026-01-19 09:30:00+00:00,1,1,0,1,0,1,Strong Trend,-1,-1,0,-1,0,-1,Strong Trend
2026-01-19 10:30:00+00:00,1,1,0,1,0,-1,Strong Trend,-1,-1,0,-1,0,1,Strong Trend
2026-01-19 11:30:00+00:00,1,1,0,1,0,-1,Strong Trend,-1,-1,0,-1,0,-1,Strong Trend
2026-01-19 12:30:00+00:00,1,1,0,1,0,-1,Strong Trend,-1,-1,0,1,0,1,Strong Trend
2026-01-19 13:30:00+00:00,1,1,0,1,0,-1,Strong Trend,-1,-1,0,1,0,1,Strong Trend
2026-01-19 14:30:00+00:00,1,1,0,1,0,-1,Strong Trend,-1,-1,0,1,0,-1,Strong Trend
2026-01-19 15:30:00+00:00,1,1,0,1,0,1,Strong Trend,-1,-1,0,1,0,-1,Strong Trend
2026-01-19 16:30:00+00:00,1,1,0,1,0,-1,Strong Trend,-1,-1,0,1,0,1,Developing Trend
2026-01-19 17:30:00+00:00,1,1,0,1,0,-1,Strong Trend,-1,-1,0,1,0,1,Developing Trend
2026-01-19 18:30:00+00:00,1,1,0,1,0,1,Strong Trend,-1,-1,0,1,0,-1,Developing Trend
2026-01-19 19:30:00+00:00,1,1,0,1,0,1,Strong Trend,1,-1,0,1,0,-1,Developing Trend
2026-01-19 20:30:00+00:00,1,1,0,1,0,1,Strong Trend,1,-1,0,1,0,1,Developing Trend
2026-01-19 21:30:00+00:00,1,1,0,1,0,-1,Strong Trend,1,-1,0,1,0,1,sideways
2026-01-19 22:30:00+00:00,1,1,0,1,0,1,Strong Trend,1,-1,0,1,0,-1,sideways
2026-01-19 23:30:00+00:00,1,1,0,1,0,-1,Strong Trend,1,1,0,1,0,1,sideways
2026-01-20 00:30:00+00:00,1,1,0,1,0,-1,Strong Trend,1,1,0,1,0,1,sideways
2026-01-20 01:30:00+00:00,1,1,0,1,0,1,Strong Trend,1,1,0,1,0,1,sideways
2026-01-20 02:30:00+00:00,1,1,0,1,0,1,Strong Trend,1,1,0,1,0,-1,sideways
2026-01-20 03:30:00+00:00,1,1,0,1,0,-1,Strong Trend,1,1,0,1,0,-1,sideways
2026-01-20 04:30:00+00:00,1,1,0,1,0,-1,Strong Trend,1,1,0,1,0,1,sideways
2026-01-20 05:30:00+00:00,1,1,0,-1,0,-1,Strong Trend,1,1,0,1,0,-1,sideways
2026-01-20 06:30:00+00:00,1,1,0,-1,0,1,Strong Trend,1,1,0,1,0,-1,sideways
2026-01-20 07:30:00+00:00,1,1,0,-1,0,1,Strong Trend,1,1,0,1,0,1,sideways
2026-01-20 08:30:00+00:00,1,1,-1,1,-1,1,Strong Trend,1,-1,0,1,0,-1,sideways
2026-01-20 09:30:00+00:00,1,1,-1,1,-1,1,Strong Trend,1,-1,0,1,0,1,sideways
2026-01-20 10:30:00+00:00,1,1,-1,1,0,-1,Strong Trend,1,1,0,1,0,1,sideways
2026-01-20 11:30:00+00:00,1,1,-1,1,-1,1,Strong Trend,1,1,0,1,-1,1,sideways
2026-01-20 12:30:00+00:00,1,1,-1,1,-1,1,Strong Trend,1,1,0,1,-1,-1,sideways
2026-01-20 13:30:00+00:00,1,1,-1,1,-1,1,Strong Trend,1,1,0,1,0,-1,sideways
2026-01-20 14:30:00+00:00,1,1,-1,1,-1,-1,Strong Trend,-1,-1,0,-1,1,-1,sideways
2026-01-20 15:30:00+00:00,1,1,-1,1,-1,1,Strong Trend,-1,-1,0,-1,0,1,sideways
2026-01-20 16:30:00+00:00,1,1,-1,1,-1,-1,Strong Trend,-1,-1,0,-1,0,-1,sideways
2026-01-20 17:30:00+00:00,1,1,-1,1,0,-1,Extremely Strong Trend,-1,-1,0,-1,0,1,sideways
2026-01-20 18:30:00+00:00,1,1,-1,1,0,-1,Extremely Strong Trend,-1,-1,0,-1,0,1,sideways
2026-01-20 19:30:00+00:00,1,1,-1,1,0,-1,Extremely Strong Trend,-1,-1,0,-1,0,1,sideways
2026-01-20 20:30:00+00:00,1,1,-1,1,0,1,Extremely Strong Trend,-1,-1,0,-1,0,-1,sideways
2026-01-20 21:30:00+00:00,1,1,-1,1,0,1,Extremely Strong Trend,-1,-1,0,-1,0,-1,sideways
2026-01-20 22:30:00+00:00,1,1,-1,1,0,-1,Extremely Strong Trend,-1,-1,0,-1,0,1,sideways
2026-01-20 23:30:00+00:00,1,1,0,1,0,-1,Extremely Strong Trend,-1,-1,0,1,0,1,sideways
2026-01-21 00:30:00+00:00,1,1,0,-1,0,-1,Extremely Strong Trend,-1,1,0,1,0,1,sideways
2026-01-21 01:30:00+00:00,1,1,0,-1,0,-1,Extremely Strong Trend,-1,1,0,1,0,1,sideways
2026-01-21 02:30:00+00:00,1,1,0,-1,0,1,Extremely Strong Trend,1,1,0,1,0,-1,sideways
2026-01-21 03:30:00+00:00,1,1,0,-1,0,-1,Extremely Strong Trend,1,1,0,1,0,-1,sideways
2026-01-21 04:30:00+00:00,1,1,0,-1,0,1,Extremely Strong Trend,1,1,0,1,0,1,sideways
2026-01-21 05:30:00+00:00,1,1,0,-1,0,-1,Extremely Strong Trend,1,1,0,1,0,-1,sideways
2026-01-21 06:30:00+00:00,1,1,0,-1,0,1,Extremely Strong Trend,1,1,0,1,0,-1,sideways
2026-01-21 07:30:00+00:00,-1,1,0,-1,0,1,Extremely Strong Trend,1,1,0,-1,0,-1,sideways
2026-01-21 08:30:00+00:00,-1,1,0,-1,0,-1,Extremely Strong Trend,1,1,0,-1,0,1,sideways
2026-01-21 09:30:00+00:00,-1,1,0,-1,0,-1,Strong Trend,1,1,0,-1,0,1,sideways
2026-01-21 10:30:00+00:00,-1,1,0,-1,0,1,Strong Trend,1,1,0,1,0,1,sideways
2026-01-21 11:30:00+00:00,-1,1,0,-1,0,1,Strong Trend,1,1,0,1,0,1,sideways
2026-01-21 12:30:00+00:00,-1,1,0,-1,0,-1,Strong Trend,1,1,0,-1,0,-1,sideways
2026-01-21 13:30:00+00:00,-1,1,0,-1,0,-1,Strong Trend,-1,-1,0,-1,0,-1,sideways
2026-01-21 14:30:00+00:00,-1,1,0,-1,1,-1,Strong Trend,-1,-1,0,-1,0,1,sideways
2026-01-21 15:30:00+00:00,-1,1,0,-1,0,1,Strong Trend,-1,-1,0,-1,0,1,sideways
2026-01-21 16:30:00+00:00,-1,1,0,-1,0,1,Strong Trend,-1,-1,0,-1,0,-1,sideways
2026-01-21 17:30:00+00:00,-1,1,0,-1,0,1,Strong Trend,-1,-1,0,-1,0,-1,sideways
2026-01-21 18:30:00+00:00,-1,1,0,-1,0,1,Strong Trend,-1,-1,0,-1,0,1,sideways
2026-01-21 19:30:00+00:00,-1,1,0,-1,0,-1,Strong Trend,-1,-1,0,-1,0,1,sideways
2026-01-21 20:30:00+00:00,-1,1,0,-1,0,-1,Strong Trend,-1,1,0,1,0,1,sideways
2026-01-21 21:30:00+00:00,-1,1,0,-1,0,-1,Strong Trend,-1,1,0,1,0,-1,sideways
2026-01-21 22:30:00+00:00,-1,-1,0,-1,0,1,Strong Trend,-1,1,0,1,0,-1,sideways
2026-01-21 23:30:00+00:00,-1,-1,0,-1,0,-1,Strong Trend,1,1,0,1,0,1,sideways
2026-01-22 00:30:00+00:00,-1,-1,0,-1,0,1,Strong Trend,1,1,0,1,-1,1,sideways
2026-01-22 01:30:00+00:00,-1,-1,0,-1,0,1,Strong Trend,1,1,0,1,0,-1,sideways
2026-01-22 02:30:00+00:00,-1,-1,0,-1,0,-1,Strong Trend,1,1,0,1,0,-1,sideways
2026-01-22 03:30:00+00:00,-1,-1,0,-1,0,-1,Strong Trend,1,1,0,1,0,-1,sideways
2026-01-22 04:30:00+00:00,-1,-1,0,-1,1,-1,Strong Trend,1,1,0,1,0,1,sideways
2026-01-22 05:30:00+00:00,-1,-1,0,-1,0,1,Strong Trend,1,1,0,1,0,-1,sideways
2026-01-22 06:30:00+00:00,-1,-1,0,-1,0,1,Strong Trend,1,1,0,1,0,-1,sideways
2026-01-22 07:30:00+00:00,-1,-1,0,-1,0,1,Strong Trend,1,1,0,1,0,1,sideways
2026-01-22 08:30:00+00:00,-1,-1,0,-1,0,1,Strong Trend,1,1,0,1,0,1,sideways
2026-01-22 09:30:00+00:00,-1,-1,0,-1,0,1,Developing Trend,1,1,0,1,0,1,sideways
2026-01-22 10:30:00+00:00,-1,-1,0,-1,0,1,Developing Trend,1,1,0,1,0,1,Developing Trend
2026-01-22 11:30:00+00:00,-1,-1,0,-1,0,1,Developing Trend,1,1,0,1,0,-1,Developing Trend
2026-01-22 12:30:00+00:00,-1,-1,0,1,0,1,Developing Trend,1,1,0,1,0,-1,Developing Trend
2026-01-22 13:30:00+00:00,-1,-1,0,1,0,1,Developing Trend,1,1,0,1,0,-1,Strong Trend
2026-01-22 14:30:00+00:00,-1,-1,0,1,0,1,sideways,1,1,0,1,0,-1,Strong Trend
2026-01-22 15:30:00+00:00,-1,-1,0,1,0,1,sideways,1,1,0,1,0,-1,Strong Trend
2026-01-22 16:30:00+00:00,1,-1,0,1,0,1,sideways,1,1,0,1,0,-1,Strong Trend
2026-01-22 17:30:00+00:00,1,-1,0,1,0,-1,sideways,1,1,0,1,0,1,Strong Trend
2026-01-22 18:30:00+00:00,1,1,0,1,-1,-1,sideways,1,1,0,1,0,-1,Strong Trend
2026-01-22 19:30:00+00:00,1,1,0,1,-1,1,sideways,1,1,0,-1,0,-1,Strong Trend
2026-01-22 20:30:00+00:00,1,1,-1,1,-1,1,Developing Trend,1,1,0,-1,0,-1,Developing Trend
2026-01-22 21:30:00+00:00,1,1,-1,1,-1,-1,Developing Trend,1,1,0,-1,0,-1,Developing Trend
2026-01-22 22:30:00+00:00,1,1,-1,1,-1,1,Strong Trend,1,1,0,-1,0,-1,Developing Trend
2026-01-22 23:30:00+00:00,1,1,-1,1,0,1,Strong Trend,-1,-1,0,-1,0,-1,sideways
2026-01-23 00:30:00+00:00,1,1,-1,1,0,-1,Strong Trend,-1,-1,0,-1,0,1,sideways
2026-01-23 01:30:00+00:00,1,1,-1,1,0,-1,Strong Trend,-1,-1,0,-1,0,1,sideways
2026-01-23 02:30:00+00:00,1,1,-1,1,0,1,Strong Trend,-1,-1,0,-1,0,-1,sideways
2026-01-23 03:30:00+00:00,1,1,-1,1,0,1,Strong Trend,-1,-1,0,-1,0,-1,sideways
2026-01-23 04:30:00+00:00,1,1,-1,1,0,-1,Strong Trend,-1,-1,0,-1,0,1,sideways
2026-01-23 05:30:00+00:00,1,1,0,1,0,-1,Strong Trend,-1,-1,0,-1,0,1,sideways
2026-01-23 06:30:00+00:00,1,1,0,1,0,-1,Strong Trend,-1,1,0,-1,0,1,sideways
2026-01-23 07:30:00+00:00,1,1,0,1,0,-1,Strong Trend,-1,1,0,-1,0,1,sideways
2026-01-23 08:30:00+00:00,1,1,0,1,0,-1,Strong Trend,-1,1,0,1,0,1,Developing Trend
2026-01-23 09:30:00+00:00,1,1,0,-1,0,1,Strong Trend,-1,1,0,1,0,-1,Developing Trend
2026-01-23 10:30:00+00:00,1,1,0,-1,0,-1,Strong Trend,1,1,0,1,0,1,Developing Trend
2026-01-23 11:30:00+00:00,1,1,0,-1,0,-1,Strong Trend,1,1,0,1,-1,1,Developing Trend
2026-01-23 12:30:00+00:00,1,1,0,-1,0,-1,Strong Trend,1,1,0,1,0,-1,Developing Trend
2026-01-23 13:30:00+00:00,1,1,0,-1,0,1,Strong Trend,1,-1,0,-1,1,-1,Strong Trend
2026-01-23 14:30:00+00:00,-1,1,0,-1,0,1,Strong Trend,1,-1,0,-1,1,-1,Strong Trend
2026-01-23 15:30:00+00:00,-1,1,0,-1,0,-1,Strong Trend,1,-1,0,-1,0,1,Strong Trend
2026-01-23 16:30:00+00:00,-1,1,0,-1,0,1,Strong Trend,-1,-1,0,-1,0,1,Strong Trend
2026-01-23 17:30:00+00:00,-1,1,0,-1,0,1,Developing Trend,-1,-1,0,-1,0,-1,Strong Trend
2026-01-23 18:30:00+00:00,-1,1,0,-1,0,-1,Developing Trend,-1,-1,0,-1,0,1,Strong Trend
2026-01-23 19:30:00+00:00,-1,1,0,-1,0,1,Developing Trend,-1,-1,0,-1,0,1,Strong Trend
2026-01-23 20:30:00+00:00,-1,1,0,-1,0,1,Developing Trend,-1,-1,0,-1,0,-1,Strong Trend
2026-01-23 21:30:00+00:00,-1,1,0,1,-1,1,Developing Trend,-1,-1,0,-1,1,-1,Strong Trend
2026-01-23 22:30:00+00:00,1,1,-1,1,-1,1,Developing Trend,-1,-1,1,-1,1,-1,Strong Trend
2026-01-23 23:30:00+00:00,1,1,-1,1,-1,-1,Strong Trend,-1,-1,1,-1,1,-1,Strong Trend
2026-01-24 00:30:00+00:00,1,1,-1,1,-1,1,Strong Trend,-1,-1,1,-1,1,1,Strong Trend
2026-01-24 01:30:00+00:00,1,1,-1,1,-1,1,Strong Trend,-1,-1,1,-1,1,-1,Strong Trend
2026-01-24 02:30:00+00:00,1,1,-1,1,-1,-1,Strong Trend,-1,-1,1,-1,0,-1,Strong Trend
2026-01-24 03:30:00+00:00,1,1,-1,1,0,-1,Strong Trend,-1,-1,1,-1,0,-1,Strong Trend
2026-01-26 05:30:00+00:00,1,1,-1,1,-1,1,Strong Trend,-1,-1,1,-1,1,1,Strong Trend
2026-01-26 06:30:00+00:00,1,1,-1,1,0,-1,Strong Trend,-1,-1,1,-1,0,-1,Extremely Strong Trend
2026-01-26 07:30:00+00:00,1,1,-1,1,0,-1,Strong Trend,-1,-1,1,-1,0,-1,Extremely Strong Trend
2026-01-26 08:30:00+00:00,1,1,-1,1,0,-1,Strong Trend,-1,-1,1,-1,0,1,Extremely Strong Trend
2026-01-26 09:30:00+00:00,1,1,-1,1,0,-1,Strong Trend,-1,-1,1,-1,0,1,Extremely Strong Trend
2026-01-26 10:30:00+00:00,1,1,-1,1,0,1,Strong Trend,-1,-1,1,-1,0,1,Extremely Strong Trend
2026-01-26 11:30:00+00:00,1,1,0,1,0,-1,Extremely Strong Trend,-1,-1,1,-1,0,1,Extremely Strong Trend
2026-01-26 12:30:00+00:00,1,1,0,1,0,-1,Strong Trend,-1,-1,1,-1,0,1,Extremely Strong Trend
2026-01-26 13:30:00+00:00,1,1,0,-1,0,-1,Strong Trend,-1,-1,1,-1,0,1,Extremely Strong Trend
2026-01-26 14:30:00+00:00,1,1,0,-1,0,1,Strong Trend,-1,-1,1,-1,0,-1,Extremely Strong Trend
2026-01-26 15:30:00+00:00,1,1,0,-1,0,-1,Strong Trend,-1,-1,1,-1,0,-1,Extremely Strong Trend
2026-01-26 16:30:00+00:00,1,1,0,-1,0,-1,Strong Trend,-1,-1,1,-1,0,1,Extremely Strong Trend
2026-01-26 17:30:00+00:00,1,1,0,-1,0,-1,Strong Trend,-1,-1,1,1,0,1,Extremely Strong Trend
2026-01-26 18:30:00+00:00,1,1,0,-1,0,1,Strong Trend,-1,-1,1,1,0,1,Extremely Strong Trend
2026-01-26 19:30:00+00:00,1,1,0,-1,0,1,Strong Trend,-1,-1,1,1,0,-1,Extremely Strong Trend
2026-01-26 20:30:00+00:00,1,1,-1,-1,-1,1,Strong Trend,-1,-1,1,1,0,-1,Extremely Strong Trend
2026-01-26 21:30:00+00:00,1,1,0,-1,0,-1,Strong Trend,-1,-1,1,1,0,1,Extremely Strong Trend
2026-01-26 22:30:00+00:00,1,1,0,-1,0,-1,Strong Trend,-1,-1,0,1,0,1,Extremely Strong Trend
2026-01-26 23:30:00+00:00,1,1,0,-1,0,-1,Strong Trend,-1,-1,0,1,0,1,Extremely Strong Trend
2026-01-27 00:30:00+00:00,1,1,0,-1,0,-1,Strong Trend,-1,-1,0,1,0,-1,Extremely Strong Trend
2026-01-27 01:30:00+00:00,1,1,0,-1,0,1,Strong Trend,-1,-1,0,1,0,-1,Extremely Strong Trend
2026-01-27 02:30:00+00:00,1,1,0,-1,0,-1,Strong Trend,1,-1,0,1,0,1,Extremely Strong Trend
2026-01-27 03:30:00+00:00,1,1,0,-1,0,-1,Strong Trend,1,-1,0,1,0,1,Extremely Strong Trend
2026-01-27 04:30:00+00:00,1,1,0,-1,0,-1,Strong Trend,1,-1,0,1,0,1,Extremely Strong Trend
2026-01-27 05:30:00+00:00,1,1,0,-1,0,-1,Strong Trend,1,-1,0,1,0,-1,Strong Trend
2026-01-27 06:30:00+00:00,1,1,0,-1,0,-1,Strong Trend,1,-1,0,1,0,-1,Strong Trend
2026-01-27 07:30:00+00:00,1,1,0,-1,0,1,Strong Trend,1,-1,0,1,0,-1,Strong Trend
2026-01-27 08:30:00+00:00,1,1,0,-1,0,-1,Strong Trend,1,-1,0,1,0,1,Strong Trend
2026-01-27 09:30:00+00:00,1,1,0,-1,0,-1,Strong Trend,1,-1,0,1,0,1,Strong Trend
2026-01-27 10:30:00+00:00,1,1,0,-1,0,1,Strong Trend,1,-1,0,1,0,-1,Strong Trend
2026-01-27 11:30:00+00:00,1,1,0,-1,0,-1,Strong Trend,1,-1,0,1,0,-1,Strong Trend
2026-01-27 12:30:00+00:00,1,1,0,-1,0,-1,Strong Trend,1,1,0,1,0,1,Strong Trend
2026-01-27 13:30:00+00:00,-1,1,0,-1,0,1,Strong Trend,1,1,0,1,0,-1,Strong Trend
2026-01-27 14:30:00+00:00,-1,1,0,-1,0,1,Strong Trend,1,-1,0,1,0,-1,Strong Trend
2026-01-27 15:30:00+00:00,-1,1,0,-1,0,1,Strong Trend,1,-1,0,1,0,-1,Strong Trend
2026-01-27 16:30:00+00:00,-1,1,0,-1,0,1,Strong Trend,1,-1,0,1,0,-1,Strong Trend
2026-01-27 17:30:00+00:00,1,1,-1,1,-1,1,Strong Trend,1,-1,1,-1,1,-1,Strong Trend
2026-01-27 18:30:00+00:00,1,1,0,1,-1,-1,Strong Trend,-1,-1,1,-1,1,-1,Strong Trend
2026-01-27 19:30:00+00:00,1,1,-1,1,-1,1,Strong Trend,-1,-1,1,-1,0,1,Strong Trend
2026-01-27 20:30:00+00:00,1,1,-1,1,-1,-1,Strong Trend,-1,-1,1,-1,0,1,Strong Trend
2026-01-27 21:30:00+00:00,1,1,-1,1,-1,1,Strong Trend,-1,-1,1,-1,0,-1,Strong Trend
2026-01-27 22:30:00+00:00,1,1,-1,1,-1,1,Strong Trend,-1,-1,1,-1,0,-1,Strong Trend
2026-01-27 23:30:00+00:00,1,1,-1,1,0,0,Strong Trend,-1,-1,1,-1,0,1,Strong Trend
2026-01-28 00:30:00+00:00,1,1,-1,1,0,-1,Strong Trend,-1,-1,1,-1,0,-1,Strong Trend
2026-01-28 01:30:00+00:00,1,1,-1,1,-1,-1,Strong Trend,-1,-1,1,-1,0,1,Strong Trend
2026-01-28 02:30:00+00:00,1,1,-1,1,-1,-1,Extremely Strong Trend,-1,-1,1,-1,0,-1,Strong Trend
2026-01-28 03:30:00+00:00,1,1,-1,1,0,1,Extremely Strong Trend,-1,-1,1,-1,0,1,Extremely Strong Trend
2026-01-28 04:30:00+00:00,1,1,-1,1,0,-1,Extremely Strong Trend,-1,-1,1,-1,0,1,Extremely Strong Trend
2026-01-28 05:30:00+00:00,1,1,-1,1,0,-1,Extremely Strong Trend,-1,-1,0,-1,0,1,Extremely Strong Trend
2026-01-28 06:30:00+00:00,1,1,0,1,0,-1,Extremely Strong Trend,-1,-1,0,1,0,1,Extremely Strong Trend
2026-01-28 07:30:00+00:00,1,1,0,1,0,-1,Extremely Strong Trend,-1,-1,0,1,0,1,Strong Trend
2026-01-28 08:30:00+00:00,1,1,0,-1,0,-1,Extremely Strong Trend,-1,-1,0,1,0,-1,Strong Trend
2026-01-28 09:30:00+00:00,1,1,0,-1,0,-1,Extremely Strong Trend,-1,-1,0,1,0,-1,Strong Trend
2026-01-28 10:30:00+00:00,1,1,0,-1,0,-1,Extremely Strong Trend,-1,-1,0,1,0,1,Strong Trend
2026-01-28 11:30:00+00:00,1,1,0,-1,0,-1,Extremely Strong Trend,-1,-1,0,1,0,1,Strong Trend
2026-01-28 12:30:00+00:00,1,1,0,-1,0,-1,Extremely Strong Trend,-1,-1,0,1,0,1,Strong Trend
2026-01-28 13:30:00+00:00,1,1,0,-1,0,-1,Strong Trend,-1,-1,0,1,0,-1,Strong Trend
2026-01-28 14:30:00+00:00,1,1,0,-1,0,1,Strong Trend,-1,-1,0,1,0,1,Strong Trend
2026-01-28 15:30:00+00:00,-1,1,0,-1,0,1,Strong Trend,1,-1,0,1,0,-1,Strong Trend
2026-01-28 16:30:00+00:00,-1,1,0,-1,0,-1,Strong Trend,1,-1,0,1,0,-1,Strong Trend
2026-01-28 17:30:00+00:00,-1,1,0,-1,0,1,Strong Trend,1,-1,0,1,0,-1,Strong Trend
2026-01-28 18:30:00+00:00,-1,1,0,-1,0,-1,Strong Trend,1,-1,0,1,0,1,Strong Trend
2026-01-28 19:30:00+00:00,-1,1,0,-1,0,-1,Strong Trend,1,-1,0,1,0,1,Strong Trend
2026-01-28 20:30:00+00:00,-1,-1,0,-1,0,1,Strong Trend,1,-1,0,1,-1,1,Strong Trend
2026-01-28 21:30:00+00:00,-1,-1,0,-1,0,1,Strong Trend,1,1,0,1,-1,1,Strong Trend
2026-01-28 22:30:00+00:00,-1,-1,0,-1,0,1,Strong Trend,1,1,0,1,-1,-1,Strong Trend
2026-01-28 23:30:00+00:00,-1,-1,0,-1,1,-1,Strong Trend,1,1,0,1,-1,1,Strong Trend
2026-01-29 00:30:00+00:00,-1,-1,0,-1,0,1,Strong Trend,1,1,0,1,0,-1,Strong Trend
2026-01-29 01:30:00+00:00,-1,-1,0,-1,0,1,Strong Trend,1,1,0,1,0,-1,Strong Trend
2026-01-29 02:30:00+00:00,-1,-1,0,-1,0,1,Strong Trend,1,1,0,1,0,-1,Strong Trend
2026-01-29 03:30:00+00:00,-1,-1,0,-1,0,1,Strong Trend,1,1,0,1,0,1,Strong Trend
2026-01-29 04:30:00+00:00,-1,-1,0,-1,0,1,Strong Trend,1,1,0,1,0,-1,Strong Trend
2026-01-29 05:30:00+00:00,-1,-1,0,-1,0,1,Strong Trend,1,1,0,1,0,-1,Strong Trend
2026-01-29 06:30:00+00:00,-1,-1,0,-1,0,-1,Developing Trend,1,1,0,1,0,1,Strong Trend
2026-01-29 07:30:00+00:00,-1,-1,0,1,0,1,Developing Trend,1,1,0,1,0,-1,Strong Trend
2026-01-29 08:30:00+00:00,-1,1,0,1,0,1,Developing Trend,1,1,0,-1,0,-1,Developing Trend
2026-01-29 09:30:00+00:00,1,1,0,1,0,1,Developing Trend,1,1,0,-1,0,-1,Developing Trend
2026-01-29 10:30:00+00:00,1,1,0,1,0,-1,Developing Trend,1,-1,0,-1,0,1,Developing Trend
2026-01-29 11:30:00+00:00,1,1,0,1,0,-1,sideways,-1,-1,0,-1,0,1,Developing Trend
2026-01-29 12:30:00+00:00,1,1,0,1,0,-1,sideways,-1,1,0,-1,0,1,Developing Trend
2026-01-29 13:30:00+00:00,1,1,0,1,0,-1,sideways,-1,1,0,1,0,1,Developing Trend
2026-01-29 14:30:00+00:00,1,1,0,-1,0,-1,sideways,-1,1,0,1,0,1,sideways
2026-01-29 15:30:00+00:00,1,-1,0,-1,0,-1,sideways,-1,1,0,1,0,1,sideways
2026-01-29 16:30:00+00:00,1,-1,0,-1,0,1,sideways,-1,1,0,1,0,1,sideways
2026-01-29 17:30:00+00:00,1,-1,0,-1,0,1,sideways,-1,1,0,1,0,-1,sideways
2026-01-29 18:30:00+00:00,1,-1,0,-1,0,1,sideways,-1,1,0,1,0,-1,sideways
2026-01-29 19:30:00+00:00,-1,-1,0,-1,0,1,sideways,1,1,0,-1,0,-1,sideways
2026-01-29 20:30:00+00:00,-1,-1,0,-1,1,-1,sideways,1,-1,0,-1,1,-1,sideways
2026-01-29 21:30:00+00:00,-1,-1,0,-1,0,1,sideways,1,-1,0,-1,0,1,sideways
2026-01-29 22:30:00+00:00,-1,-1,0,-1,0,1,sideways,1,-1,0,-1,0,1,sideways
2026-01-29 23:30:00+00:00,-1,-1,0,-1,0,1,sideways,1,-1,0,-1,0,1,sideways
2026-01-30 00:30:00+00:00,-1,-1,0,-1,0,-1,sideways,-1,-1,0,-1,0,1,sideways
2026-01-30 01:30:00+00:00,-1,-1,0,-1,0,1,sideways,-1,-1,0,-1,0,1,sideways
2026-01-30 02:30:00+00:00,-1,-1,0,1,0,1,sideways,-1,-1,0,-1,0,1,sideways
2026-01-30 03:30:00+00:00,-1,1,0,1,0,-1,sideways,-1,-1,0,-1,0,-1,sideways
2026-01-30 04:30:00+00:00,-1,1,0,1,0,-1,sideways,-1,-1,0,-1,0,1,sideways
2026-01-30 05:30:00+00:00,-1,-1,0,-1,0,-1,sideways,-1,1,0,1,0,1,sideways
2026-01-30 06:30:00+00:00,-1,-1,0,-1,1,-1,sideways,-1,1,0,1,-1,1,sideways
2026-01-30 07:30:00+00:00,-1,-1,0,-1,0,1,sideways,1,1,0,1,-1,-1,sideways
2026-01-30 08:30:00+00:00,-1,-1,0,-1,0,1,Developing Trend,1,1,0,1,-1,1,sideways
2026-01-30 09:30:00+00:00,-1,-1,0,-1,0,1,Developing Trend,1,1,0,1,0,1,sideways
2026-01-30 10:30:00+00:00,-1,-1,0,-1,0,1,Developing Trend,1,1,0,1,0,-1,sideways
2026-01-30 11:30:00+00:00,-1,-1,0,-1,0,-1,Developing Trend,1,1,0,1,0,-1,Developing Trend
2026-01-30 12:30:00+00:00,-1,-1,0,-1,0,1,Developing Trend,1,1,0,1,0,-1,Developing Trend
2026-01-30 13:30:00+00:00,-1,-1,0,-1,0,1,Developing Trend,1,1,0,1,0,1,Developing Trend
2026-01-30 14:30:00+00:00,-1,-1,0,-1,0,-1,Developing Trend,1,1,-1,1,0,1,Developing Trend
2026-01-30 15:30:00+00:00,-1,-1,0,-1,0,1,Developing Trend,1,1,0,1,0,-1,Strong Trend
2026-01-30 16:30:00+00:00,-1,-1,0,1,0,1,Developing Trend,1,1,0,1,0,-1,Strong Trend
2026-01-30 17:30:00+00:00,-1,-1,0,1,0,-1,Developing Trend,1,1,0,1,0,-1,Strong Trend
2026-01-30 18:30:00+00:00,-1,-1,0,-1,0,-1,Developing Trend,1,1,0,1,0,1,Strong Trend
2026-01-30 19:30:00+00:00,-1,-1,0,-1,0,-1,Developing Trend,1,1,0,1,0,1,Strong Trend
2026-01-30 20:30:00+00:00,-1,-1,0,-1,0,-1,Developing Trend,1,1,-1,1,0,1,Strong Trend
2026-02-03 01:30:00+00:00,-1,-1,1,-1,1,-1,Developing Trend,1,1,-1,1,-1,1,Strong Trend
2026-02-03 02:30:00+00:00,-1,-1,1,-1,1,1,Strong Trend,1,1,-1,1,-1,1,Strong Trend
2026-02-03 03:30:00+00:00,-1,-1,1,-1,1,-1,Strong Trend,1,1,-1,1,0,-1,Strong Trend
2026-02-03 04:30:00+00:00,-1,-1,1,-1,0,1,Strong Trend,1,1,-1,1,0,-1,Strong Trend
2026-02-03 05:30:00+00:00,-1,-1,1,-1,0,1,Strong Trend,1,1,-1,1,0,-1,Strong Trend
2026-02-03 06:30:00+00:00,-1,-1,0,-1,0,1,Strong Trend,1,1,-1,1,0,-1,Strong Trend
2026-02-03 07:30:00+00:00,-1,-1,1,-1,0,-1,Strong Trend,1,1,-1,1,0,1,Strong Trend
2026-02-03 08:30:00+00:00,-1,-1,0,-1,0,1,Strong Trend,1,1,-1,1,0,-1,Strong Trend
2026-02-03 09:30:00+00:00,-1,-1,0,-1,0,1,Strong Trend,1,1,-1,1,0,-1,Strong Trend
2026-02-03 10:30:00+00:00,-1,-1,0,-1,0,1,Strong Trend,1,1,-1,1,0,-1,Strong Trend
2026-02-03 11:30:00+00:00,-1,-1,0,-1,0,1,Strong Trend,1,1,-1,-1,0,-1,Strong Trend
2026-02-03 12:30:00+00:00,-1,-1,0,1,0,1,Strong Trend,1,1,-1,-1,0,-1,Strong Trend
2026-02-03 13:30:00+00:00,-1,-1,0,1,0,1,Strong Trend,1,1,-1,-1,0,1,Strong Trend
2026-02-03 14:30:00+00:00,-1,-1,0,1,0,-1,Strong Trend,1,1,-1,-1,0,1,Strong Trend
2026-02-03 15:30:00+00:00,-1,-1,1,1,0,-1,Strong Trend,1,1,-1,-1,0,1,Strong Trend
2026-02-03 16:30:00+00:00,-1,-1,0,1,0,1,Strong Trend,1,1,-1,-1,0,-1,Strong Trend
2026-02-03 17:30:00+00:00,-1,-1,0,1,0,1,Strong Trend,1,1,-1,-1,0,-1,Strong Trend
2026-02-03 18:30:00+00:00,-1,-1,0,1,0,1,Strong Trend,1,1,-1,-1,0,-1,Strong Trend
2026-02-03 19:30:00+00:00,-1,-1,0,1,0,-1,Strong Trend,1,1,-1,-1,0,-1,Strong Trend
2026-02-03 20:30:00+00:00,-1,-1,0,1,0,1,Strong Trend,1,1,0,-1,0,-1,Strong Trend
2026-02-03 21:30:00+00:00,-1,-1,0,1,0,1,Strong Trend,1,1,0,-1,0,-1,Strong Trend
2026-02-03 22:30:00+00:00,-1,-1,0,1,0,-1,Strong Trend,1,1,0,-1,0,1,Strong Trend
2026-02-03 23:30:00+00:00,-1,-1,0,1,0,-1,Strong Trend,1,1,0,-1,0,-1,Strong Trend
2026-02-04 00:30:00+00:00,-1,-1,0,1,0,1,Strong Trend,1,1,0,-1,0,1,Strong Trend
2026-02-04 01:30:00+00:00,-1,-1,0,1,0,1,Strong Trend,1,1,0,-1,0,-1,Strong Trend
2026-02-04 02:30:00+00:00,1,-1,0,1,0,1,Strong Trend,1,1,0,-1,0,-1,Strong Trend
2026-02-04 03:30:00+00:00,1,-1,0,1,0,1,Developing Trend,1,1,0,-1,0,1,Strong Trend
2026-02-04 04:30:00+00:00,1,-1,0,1,0,-1,Developing Trend,1,1,0,-1,0,1,Strong Trend
2026-02-04 05:30:00+00:00,1,-1,0,1,0,-1,Developing Trend,1,1,-1,-1,0,1,Strong Trend
2026-02-04 06:30:00+00:00,1,-1,0,1,0,1,Developing Trend,1,1,-1,-1,0,1,Strong Trend
2026-02-04 07:30:00+00:00,1,-1,0,1,0,-1,Developing Trend,1,1,-1,-1,-1,1,Strong Trend
2026-02-04 08:30:00+00:00,1,-1,0,1,0,-1,sideways,1,1,-1,1,-1,-1,Strong Trend
2026-02-04 09:30:00+00:00,1,1,0,1,0,1,sideways,1,1,-1,1,0,-1,Strong Trend
2026-02-04 10:30:00+00:00,1,1,0,1,0,1,sideways,1,1,-1,1,0,-1,Strong Trend
2026-02-04 11:30:00+00:00,1,1,0,1,0,-1,sideways,1,1,-1,1,0,1,Strong Trend
2026-02-04 12:30:00+00:00,1,1,0,1,0,-1,sideways,1,1,-1,1,0,1,Strong Trend
2026-02-04 13:30:00+00:00,1,1,0,1,0,-1,sideways,1,1,-1,1,0,1,Strong Trend
2026-02-04 14:30:00+00:00,1,1,0,1,0,-1,sideways,1,1,-1,1,0,1,Strong Trend
2026-02-04 15:30:00+00:00,1,1,0,1,0,-1,sideways,1,1,-1,1,0,-1,Extremely Strong Trend
2026-02-04 16:30:00+00:00,1,-1,0,1,0,-1,sideways,1,1,-1,1,0,1,Extremely Strong Trend
2026-02-04 17:30:00+00:00,1,-1,0,1,0,1,sideways,1,1,-1,1,0,-1,Extremely Strong Trend
2026-02-04 18:30:00+00:00,1,-1,0,1,0,1,sideways,1,1,0,-1,0,-1,Extremely Strong Trend
2026-02-04 19:30:00+00:00,1,-1,0,1,0,-1,sideways,1,1,0,-1,0,-1,Extremely Strong Trend
2026-02-04 20:30:00+00:00,-1,-1,0,-1,1,-1,sideways,1,1,0,-1,0,1,Strong Trend
2026-02-04 21:30:00+00:00,-1,-1,0,-1,0,1,sideways,1,1,0,-1,0,1,Strong Trend
2026-02-04 22:30:00+00:00,-1,-1,0,-1,0,-1,sideways,1,1,0,-1,0,1,Strong Trend
2026-02-04 23:30:00+00:00,-1,-1,0,-1,0,1,sideways,1,1,-1,-1,0,1,Strong Trend
2026-02-05 00:30:00+00:00,-1,-1,0,-1,0,1,sideways,1,1,-1,-1,0,1,Strong Trend
2026-02-05 01:30:00+00:00,-1,-1,0,-1,0,-1,sideways,1,1,-1,-1,0,1,Strong Trend
2026-02-05 02:30:00+00:00,-1,-1,0,-1,0,1,sideways,1,1,0,-1,0,-1,Strong Trend
2026-02-05 03:30:00+00:00,-1,-1,0,-1,0,1,sideways,1,1,0,-1,0,-1,Strong Trend
2026-02-05 04:30:00+00:00,-1,-1,0,-1,0,-1,sideways,1,1,0,-1,0,1,Strong Trend
2026-02-05 05:30:00+00:00,-1,-1,0,-1,0,1,sideways,1,1,0,-1,0,-1,Strong Trend
2026-02-05 06:30:00+00:00,-1,-1,0,-1,0,1,sideways,1,1,0,-1,0,-1,Strong Trend
2026-02-05 07:30:00+00:00,-1,-1,0,-1,0,-1,sideways,1,1,0,-1,0,1,Strong Trend
2026-02-05 08:30:00+00:00,-1,-1,0,-1,0,-1,sideways,1,1,0,-1,0,-1,Strong Trend
2026-02-05 09:30:00+00:00,-1,-1,0,-1,0,1,sideways,1,1,0,-1,0,-1,Strong Trend
2026-02-05 10:30:00+00:00,-1,-1,0,-1,0,1,sideways,1,1,0,-1,0,1,Strong Trend
2026-02-05 11:30:00+00:00,-1,-1,0,-1,0,1,sideways,1,1,0,-1,0,1,Strong Trend
2026-02-05 12:30:00+00:00,-1,-1,0,-1,0,1,sideways,1,1,-1,-1,0,-1,Strong Trend
2026-02-05 13:30:00+00:00,-1,-1,0,1,0,1,sideways,1,1,0,-1,0,-1,Strong Trend
2026-02-05 14:30:00+00:00,-1,-1,0,-1,1,-1,sideways,1,1,-1,1,-1,1,Strong Trend
2026-02-05 15:30:00+00:00,-1,-1,0,-1,0,1,sideways,1,1,0,1,0,1,Strong Trend
2026-02-05 16:30:00+00:00,-1,-1,0,1,0,1,sideways,1,1,0,1,0,-1,Strong Trend
2026-02-05 17:30:00+00:00,-1,-1,0,1,0,1,sideways,1,1,0,-1,0,-1,Strong Trend
2026-02-05 18:30:00+00:00,-1,-1,0,1,0,1,sideways,1,1,0,-1,0,-1,Strong Trend
2026-02-05 19:30:00+00:00,-1,-1,0,1,0,-1,sideways,1,1,0,-1,0,1,Strong Trend
2026-02-05 20:30:00+00:00,-1,-1,0,1,0,-1,sideways,1,1,0,-1,0,1,Strong Trend
2026-02-05 21:30:00+00:00,1,-1,0,1,0,1,sideways,1,1,0,-1,0,1,Strong Trend
2026-02-05 22:30:00+00:00,1,-1,0,1,0,1,sideways,1,1,0,-1,0,-1,Strong Trend
2026-02-05 23:30:00+00:00,1,-1,0,1,0,-1,sideways,1,1,0,-1,0,-1,Strong Trend
2026-02-06 00:30:00+00:00,1,-1,0,1,0,-1,sideways,-1,1,0,-1,0,1,Developing Trend
2026-02-06 01:30:00+00:00,1,-1,0,-1,0,-1,sideways,-1,1,0,-1,0,1,Developing Trend
2026-02-06 02:30:00+00:00,1,-1,0,-1,0,-1,sideways,-1,1,0,-1,0,1,Developing Trend
2026-02-06 03:30:00+00:00,1,-1,0,-1,0,1,sideways,-1,1,0,-1,0,-1,Developing Trend
2026-02-06 04:30:00+00:00,-1,-1,0,-1,0,1,sideways,-1,1,0,-1,0,-1,Developing Trend
2026-02-06 05:30:00+00:00,-1,-1,0,-1,0,1,sideways,-1,-1,0,-1,0,-1,Developing Trend
2026-02-06 06:30:00+00:00,-1,-1,0,-1,0,1,sideways,-1,-1,0,-1,0,-1,Developing Trend
2026-02-06 07:30:00+00:00,-1,-1,0,-1,0,1,sideways,-1,-1,0,-1,0,1,Developing Trend
2026-02-06 08:30:00+00:00,-1,-1,0,1,0,1,sideways,-1,-1,0,-1,0,1,Developing Trend
2026-02-06 09:30:00+00:00,-1,-1,0,1,0,1,sideways,-1,-1,0,-1,0,-1,Developing Trend
2026-02-06 10:30:00+00:00,-1,-1,0,1,0,1,sideways,-1,-1,0,-1,0,1,Developing Trend
2026-02-06 11:30:00+00:00,-1,-1,0,1,0,1,sideways,-1,-1,0,-1,0,1,Developing Trend
2026-02-06 12:30:00+00:00,-1,-1,0,1,0,-1,sideways,-1,-1,0,-1,0,1,Developing Trend
2026-02-06 13:30:00+00:00,-1,-1,0,1,0,-1,sideways,-1,-1,0,-1,0,1,Developing Trend
2026-02-06 14:30:00+00:00,1,-1,0,1,0,1,sideways,-1,1,0,1,0,1,sideways
2026-02-06 15:30:00+00:00,1,1,0,1,0,0,sideways,-1,1,0,1,0,-1,sideways
2026-02-06 16:30:00+00:00,1,-1,0,1,0,-1,sideways,-1,1,0,1,0,-1,sideways
2026-02-06 17:30:00+00:00,1,1,0,1,0,-1,sideways,1,1,0,1,0,1,sideways
2026-02-06 18:30:00+00:00,1,1,0,1,-1,1,sideways,1,1,0,1,0,-1,sideways
2026-02-06 19:30:00+00:00,1,1,0,1,-1,1,sideways,1,1,0,1,0,-1,sideways
2026-02-06 20:30:00+00:00,1,1,0,1,-1,-1,sideways,1,1,0,-1,0,-1,sideways
2026-02-06 21:30:00+00:00,1,1,0,1,0,-1,sideways,1,1,0,1,0,1,sideways
2026-02-06 22:30:00+00:00,1,1,0,1,0,1,sideways,1,1,0,1,0,1,sideways
2026-02-06 23:30:00+00:00,1,1,0,1,0,1,sideways,1,1,0,1,0,1,sideways
2026-02-07 00:30:00+00:00,1,1,0,1,0,1,sideways,1,1,0,1,0,1,sideways
2026-02-07 01:30:00+00:00,1,1,0,1,0,1,sideways,1,1,0,1,0,-1,sideways
2026-02-07 02:30:00+00:00,1,1,0,1,0,-1,sideways,1,1,0,1,0,-1,sideways
2026-02-09 05:30:00+00:00,1,1,0,1,0,1,sideways,1,1,0,1,0,-1,sideways
2026-02-09 06:30:00+00:00,1,1,0,1,0,-1,Developing Trend,1,1,0,-1,0,-1,sideways
2026-02-09 07:30:00+00:00,1,1,0,1,0,-1,sideways,1,-1,0,-1,0,1,sideways
2026-02-09 08:30:00+00:00,1,1,0,1,0,-1,sideways,1,-1,0,-1,0,1,sideways
2026-02-09 09:30:00+00:00,1,1,0,1,0,1,sideways,-1,-1,0,-1,0,-1,Developing Trend
2026-02-09 10:30:00+00:00,1,1,0,1,0,1,sideways,-1,-1,0,-1,1,-1,Developing Trend
2026-02-09 11:30:00+00:00,1,1,-1,1,-1,1,Developing Trend,-1,-1,0,-1,1,-1,Developing Trend
2026-02-09 12:30:00+00:00,1,1,-1,1,-1,1,Developing Trend,-1,-1,0,-1,0,1,Strong Trend
2026-02-09 13:30:00+00:00,1,1,-1,1,-1,1,Strong Trend,-1,-1,0,-1,0,1,Strong Trend
2026-02-09 14:30:00+00:00,1,1,-1,1,0,-1,Strong Trend,-1,-1,0,-1,0,1,Strong Trend
2026-02-09 15:30:00+00:00,1,1,-1,1,0,-1,Strong Trend,-1,-1,0,-1,0,1,Strong Trend
2026-02-09 16:30:00+00:00,1,1,-1,1,0,1,Strong Trend,-1,-1,0,-1,0,-1,Strong Trend
2026-02-09 17:30:00+00:00,1,1,-1,1,-1,1,Strong Trend,-1,-1,0,-1,0,-1,Strong Trend
2026-02-09 18:30:00+00:00,1,1,-1,1,-1,1,Strong Trend,-1,-1,1,-1,1,-1,Strong Trend
2026-02-09 19:30:00+00:00,1,1,-1,1,-1,1,Strong Trend,-1,-1,1,-1,1,-1,Strong Trend
2026-02-09 20:30:00+00:00,1,1,-1,1,0,-1,Strong Trend,-1,-1,0,-1,0,1,Strong Trend
2026-02-09 21:30:00+00:00,1,1,-1,1,0,-1,Strong Trend,-1,-1,0,-1,0,1,Strong Trend
2026-02-09 22:30:00+00:00,1,1,-1,1,0,1,Strong Trend,-1,-1,0,-1,0,1,Strong Trend
2026-02-09 23:30:00+00:00,1,1,-1,1,0,1,Strong Trend,-1,-1,0,-1,0,-1,Strong Trend
2026-02-10 00:30:00+00:00,1,1,-1,1,0,1,Strong Trend,-1,-1,0,-1,0,-1,Strong Trend
2026-02-10 01:30:00+00:00,1,1,-1,1,0,-1,Strong Trend,-1,-1,0,-1,0,1,Strong Trend
2026-02-10 02:30:00+00:00,1,1,-1,1,0,-1,Strong Trend,-1,-1,0,-1,0,1,Strong Trend
2026-02-10 03:30:00+00:00,1,1,-1,1,0,1,Strong Trend,-1,-1,0,-1,0,-1,Strong Trend
2026-02-10 04:30:00+00:00,1,1,0,-1,0,-1,Strong Trend,-1,-1,0,1,0,1,Strong Trend
2026-02-10 05:30:00+00:00,1,1,0,-1,0,-1,Strong Trend,-1,-1,0,1,0,1,Strong Trend
2026-02-10 06:30:00+00:00,1,1,0,-1,0,-1,Strong Trend,-1,-1,0,1,0,-1,Strong Trend
2026-02-10 07:30:00+00:00,1,1,0,-1,0,1,Strong Trend,-1,-1,0,-1,0,-1,Strong Trend
2026-02-10 08:30:00+00:00,1,1,0,-1,0,1,Strong Trend,-1,-1,0,-1,0,1,Strong Trend
2026-02-10 09:30:00+00:00,1,1,0,-1,0,-1,Strong Trend,-1,-1,0,-1,0,1,Strong Trend
2026-02-10 10:30:00+00:00,1,1,0,-1,0,-1,Strong Trend,-1,-1,0,-1,0,1,Strong Trend
2026-02-10 11:30:00+00:00,1,1,0,-1,0,-1,Strong Trend,-1,-1,0,-1,0,1,Strong Trend
2026-02-10 12:30:00+00:00,-1,1,0,-1,0,1,Strong Trend,-1,-1,0,-1,0,1,Strong Trend
2026-02-10 13:30:00+00:00,-1,1,0,-1,0,1,Strong Trend,-1,-1,0,1,0,1,Strong Trend
2026-02-10 14:30:00+00:00,-1,1,0,-1,0,1,Strong Trend,-1,-1,0,-1,0,-1,Strong Trend
2026-02-10 15:30:00+00:00,-1,1,0,-1,0,-1,Strong Trend,-1,-1,0,-1,0,-1,Strong Trend
2026-02-10 16:30:00+00:00,-1,1,0,-1,0,-1,Strong Trend,-1,-1,0,-1,0,1,Strong Trend
2026-02-10 17:30:00+00:00,-1,1,0,-1,1,-1,Strong Trend,-1,-1,0,-1,0,-1,Strong Trend
2026-02-10 18:30:00+00:00,-1,1,0,-1,0,1,Strong Trend,-1,-1,1,-1,1,-1,Strong Trend
2026-02-10 19:30:00+00:00,-1,1,0,-1,0,1,Strong Trend,-1,-1,1,-1,1,1,Strong Trend
2026-02-10 20:30:00+00:00,-1,1,0,-1,0,1,Strong Trend,-1,-1,1,-1,1,1,Strong Trend
2026-02-10 21:30:00+00:00,-1,1,0,-1,0,-1,Strong Trend,-1,-1,1,-1,0,1,Strong Trend
2026-02-10 22:30:00+00:00,-1,1,0,-1,0,-1,Strong Trend,-1,-1,1,-1,0,1,Strong Trend
2026-02-10 23:30:00+00:00,-1,1,0,-1,0,-1,Strong Trend,-1,-1,0,-1,0,1,Strong Trend
2026-02-11 00:30:00+00:00,-1,1,0,-1,0,1,Strong Trend,-1,-1,1,-1,0,-1,Strong Trend
2026-02-11 01:30:00+00:00,-1,-1,0,-1,0,-1,Strong Trend,-1,-1,0,-1,0,-1,Strong Trend
2026-02-11 02:30:00+00:00,-1,-1,0,-1,0,-1,Strong Trend,-1,-1,0,-1,0,1,Strong Trend
2026-02-11 03:30:00+00:00,-1,-1,0,-1,0,1,Strong Trend,-1,-1,0,-1,0,1,Strong Trend
2026-02-11 04:30:00+00:00,-1,-1,0,-1,0,-1,Developing Trend,-1,-1,0,1,0,1,Strong Trend
2026-02-11 05:30:00+00:00,-1,-1,0,-1,0,1,Developing Trend,-1,-1,1,1,0,-1,Strong Trend
2026-02-11 06:30:00+00:00,-1,-1,0,-1,0,1,Developing Trend,-1,-1,1,-1,0,-1,Strong Trend
2026-02-11 07:30:00+00:00,-1,-1,0,-1,0,1,Developing Trend,-1,-1,1,-1,0,-1,Strong Trend
2026-02-11 08:30:00+00:00,-1,1,0,-1,0,1,Developing Trend,-1,-1,1,-1,0,-1,Extremely Strong Trend
2026-02-11 09:30:00+00:00,-1,1,0,1,0,1,Developing Trend,-1,-1,1,-1,0,1,Extremely Strong Trend
2026-02-11 10:30:00+00:00,-1,1,0,1,0,1,Developing Trend,-1,-1,1,-1,1,1,Extremely Strong Trend
2026-02-11 11:30:00+00:00,1,1,0,1,0,-1,Developing Trend,-1,-1,1,-1,0,1,Extremely Strong Trend
2026-02-11 12:30:00+00:00,1,1,0,1,0,-1,Developing Trend,-1,-1,1,-1,0,1,Extremely Strong Trend
2026-02-11 13:30:00+00:00,1,1,0,1,0,-1,Developing Trend,-1,-1,1,-1,0,1,Extremely Strong Trend
2026-02-11 14:30:00+00:00,1,1,0,1,0,-1,Developing Trend,-1,-1,1,-1,0,1,Extremely Strong Trend
2026-02-11 15:30:00+00:00,1,1,0,1,0,1,Strong Trend,-1,-1,1,-1,0,1,Extremely Strong Trend
2026-02-11 16:30:00+00:00,1,1,0,1,0,-1,Strong Trend,-1,-1,0,1,0,1,Extremely Strong Trend
2026-02-11 17:30:00+00:00,1,1,0,-1,0,-1,Developing Trend,-1,-1,0,1,0,1,Extremely Strong Trend
2026-02-11 18:30:00+00:00,1,-1,0,-1,1,-1,Strong Trend,-1,-1,0,1,0,1,Extremely Strong Trend
2026-02-11 19:30:00+00:00,1,-1,1,-1,1,-1,Strong Trend,-1,-1,0,1,0,-1,Strong Trend
2026-02-11 20:30:00+00:00,-1,-1,0,-1,1,-1,Strong Trend,-1,-1,0,1,0,-1,Strong Trend
2026-02-11 21:30:00+00:00,-1,-1,0,-1,0,1,Strong Trend,-1,-1,0,1,0,-1,Strong Trend
2026-02-11 22:30:00+00:00,-1,-1,0,-1,0,1,Strong Trend,-1,-1,0,1,0,-1,Strong Trend
2026-02-11 23:30:00+00:00,-1,-1,0,-1,0,-1,Strong Trend,-1,-1,1,1,0,-1,Strong Trend
2026-02-12 00:30:00+00:00,-1,-1,0,-1,0,-1,Strong Trend,-1,-1,0,1,0,1,Strong Trend
2026-02-12 01:30:00+00:00,-1,-1,0,-1,0,-1,Strong Trend,-1,-1,0,1,0,1,Strong Trend
2026-02-12 02:30:00+00:00,-1,-1,0,-1,0,-1,Strong Trend,-1,-1,0,1,0,1,Strong Trend
2026-02-12 03:30:00+00:00,-1,-1,0,-1,0,1,Strong Trend,-1,-1,0,1,0,-1,Strong Trend
2026-02-12 04:30:00+00:00,-1,-1,0,-1,0,1,Strong Trend,-1,-1,0,1,0,1,Strong Trend
2026-02-12 05:30:00+00:00,-1,-1,0,-1,0,1,Strong Trend,-1,-1,0,1,0,-1,Strong Trend
2026-02-12 06:30:00+00:00,-1,-1,0,-1,0,1,Strong Trend,-1,-1,0,1,0,-1,Strong Trend
2026-02-12 07:30:00+00:00,-1,-1,0,-1,0,1,Strong Trend,-1,-1,0,1,0,-1,Developing Trend
2026-02-12 08:30:00+00:00,-1,-1,0,-1,0,-1,Strong Trend,-1,-1,0,1,0,1,Developing Trend
2026-02-12 09:30:00+00:00,-1,-1,0,-1,0,-1,Strong Trend,-1,-1,0,1,0,1,Developing Trend
2026-02-12 10:30:00+00:00,-1,-1,0,-1,0,-1,Strong Trend,-1,-1,0,1,0,1,Developing Trend
2026-02-12 11:30:00+00:00,-1,-1,0,-1,0,1,Strong Trend,-1,-1,0,1,0,1,Developing Trend
2026-02-12 12:30:00+00:00,-1,-1,0,-1,0,1,Strong Trend,-1,-1,0,1,0,-1,Developing Trend
2026-02-12 13:30:00+00:00,-1,-1,0,1,0,1,Strong Trend,-1,-1,0,1,0,-1,sideways
2026-02-12 14:30:00+00:00,-1,-1,0,1,0,1,Strong Trend,-1,-1,0,1,0,-1,sideways
2026-02-12 15:30:00+00:00,-1,-1,0,1,0,-1,Developing Trend,-1,-1,0,1,0,1,sideways
2026-02-12 16:30:00+00:00,-1,-1,0,1,0,1,Developing Trend,-1,-1,0,1,0,1,sideways
2026-02-12 17:30:00+00:00,-1,-1,0,1,0,-1,Developing Trend,1,1,0,1,-1,1,sideways
2026-02-12 18:30:00+00:00,-1,-1,0,1,0,1,Developing Trend,1,1,0,1,0,-1,sideways
2026-02-12 19:30:00+00:00,1,-1,0,1,0,1,Developing Trend,1,-1,0,1,0,-1,sideways
2026-02-12 20:30:00+00:00,1,1,0,1,0,1,Developing Trend,1,-1,0,1,0,-1,sideways
2026-02-12 21:30:00+00:00,1,-1,0,1,0,-1,Developing Trend,1,-1,0,1,0,-1,sideways
2026-02-12 22:30:00+00:00,1,-1,0,1,0,-1,Developing Trend,1,-1,0,1,0,1,sideways
2026-02-12 23:30:00+00:00,1,-1,0,-1,0,-1,Developing Trend,1,-1,0,1,0,1,sideways
2026-02-13 00:30:00+00:00,1,-1,0,-1,0,1,Strong Trend,1,-1,0,1,0,1,sideways
2026-02-13 01:30:00+00:00,1,-1,0,-1,0,1,Strong Trend,1,-1,0,-1,0,-1,sideways
2026-02-13 02:30:00+00:00,-1,-1,0,-1,0,1,Strong Trend,-1,-1,0,-1,0,-1,sideways
2026-02-13 03:30:00+00:00,-1,-1,0,-1,0,-1,Developing Trend,-1,-1,0,-1,0,-1,sideways
2026-02-13 04:30:00+00:00,-1,-1,0,-1,0,-1,Developing Trend,-1,-1,0,-1,0,1,sideways
2026-02-13 05:30:00+00:00,-1,-1,0,1,0,1,Developing Trend,-1,-1,0,-1,0,1,sideways
2026-02-13 06:30:00+00:00,-1,-1,0,-1,0,-1,Developing Trend,-1,-1,0,1,0,1,sideways
2026-02-13 07:30:00+00:00,-1,-1,0,1,0,1,Developing Trend,-1,-1,0,1,0,1,sideways
2026-02-13 08:30:00+00:00,-1,-1,0,1,0,1,Developing Trend,-1,-1,0,1,0,-1,sideways
2026-02-13 09:30:00+00:00,-1,-1,0,-1,0,-1,Developing Trend,-1,1,0,1,0,1,sideways
2026-02-13 10:30:00+00:00,-1,-1,0,-1,0,-1,Developing Trend,-1,1,0,1,0,1,sideways
2026-02-13 11:30:00+00:00,-1,-1,0,-1,0,-1,Developing Trend,1,1,0,1,0,1,sideways
2026-02-13 12:30:00+00:00,-1,-1,0,-1,0,1,Strong Trend,1,1,0,1,0,-1,sideways
2026-02-13 13:30:00+00:00,-1,-1,0,-1,0,1,Strong Trend,1,1,0,1,0,1,sideways
2026-02-13 14:30:00+00:00,-1,-1,0,-1,0,-1,Strong Trend,1,1,0,1,0,-1,sideways
2026-02-13 15:30:00+00:00,-1,-1,0,-1,0,-1,Strong Trend,1,1,0,1,0,-1,sideways
2026-02-13 16:30:00+00:00,-1,-1,0,-1,0,1,Strong Trend,1,1,0,1,0,-1,sideways
2026-02-13 17:30:00+00:00,-1,-1,0,1,0,1,Strong Trend,1,1,0,1,0,-1,sideways
2026-02-13 18:30:00+00:00,-1,-1,0,1,0,1,Strong Trend,1,1,0,1,0,-1,sideways
2026-02-13 19:30:00+00:00,-1,-1,0,1,0,-1,Developing Trend,1,1,0,-1,0,-1,sideways
2026-02-13 20:30:00+00:00,-1,-1,0,-1,1,-1,Developing Trend,1,1,0,-1,0,1,sideways
2026-02-13 21:30:00+00:00,-1,-1,0,1,0,1,Developing Trend,1,-1,0,-1,0,-1,sideways
2026-02-13 22:30:00+00:00,-1,-1,0,1,0,1,Developing Trend,1,-1,0,-1,0,-1,sideways
2026-02-13 23:30:00+00:00,1,1,0,1,0,-1,Developing Trend,-1,-1,0,-1,0,1,sideways
2026-02-14 00:30:00+00:00,1,1,0,1,0,-1,sideways,-1,-1,0,-1,0,-1,sideways
2026-02-14 01:30:00+00:00,1,1,0,1,0,1,sideways,-1,-1,0,-1,0,-1,sideways
2026-02-14 02:30:00+00:00,1,1,0,1,0,-1,sideways,-1,-1,0,-1,0,-1,sideways
